﻿<?xml version="1.0" encoding="utf-8" ?>
<list>
  <name>1.顾欣妍</name>
  <name>2.洪爱玲</name>
  <name>3.黄语涵</name>
  <name>4.金玉婷</name>
  <name>5.梁雅茹</name>
  <name>6.凌晨阳</name>
  <name>7.陆祎诺</name>
  <name>8.陆韵婕</name>
  <name>9.唐文晔</name>
  <name>10.王伽仪</name>
  <name>11.王瑾艺</name>
  <name>12.吴妙捷</name>
  <name>13.徐雨欣</name>
  <name>14.薛清文</name>
  <name>15.叶婧瑶</name>
  <name>16.张佳妤</name>
  <name>17.赵元菁</name>
  <name>18.周思语</name>
  <name>19.曹  亮</name>
  <name>20.顾奕铭</name>
  <name>21.顾翌铖</name>
  <name>22.关家欢</name>
  <name>23.黄亿吉</name>
  <name>24.金成泽</name>
  <name>25.金智杰</name>
  <name>26.李思远</name>
  <name>27.沈翰萱</name>
  <name>28.盛宇轩</name>
  <name>29.王晨阳</name>
  <name>30.王乐羽</name>
  <name>31.夏振海</name>
  <name>32.谢津文</name>
  <name>33.徐锦晨</name>
  <name>34.杨顾豪</name>
  <name>35.杨  俊</name>
</list>
